#wlgth,rho,drho,rho,drho,rho,drho,rho,drho,rho,drho,rho,drho,mean,stdev
400.67,0.1006,0.0003,0.0597,3.99E-05,0.0635,0.0001,0.0672,0.0001,0.0678,8.58E-05,0.1144,0.0007,0.0789,0.0228
402.16,0.1009,0.0002,0.0601,9.40E-05,0.064,0.0002,0.0676,9.23E-05,0.0683,7.60E-05,0.1149,0.0006,0.0793,0.0228
403.65,0.1011,0.0003,0.0605,9.31E-05,0.0644,0.0001,0.0677,4.42E-05,0.0684,0.0002,0.1159,0.0007,0.0797,0.023
405.14,0.1011,0.0002,0.061,0.0001,0.0647,0.0002,0.0677,4.25E-05,0.0684,5.71E-05,0.1166,0.0008,0.0799,0.0231
406.63,0.1012,0.0003,0.0615,0.0001,0.0651,0.0002,0.0682,4.59E-05,0.0688,0.0002,0.117,0.0008,0.0803,0.023
408.12,0.1013,0.0001,0.062,7.76E-05,0.0656,0.0001,0.0686,6.23E-05,0.0693,8.16E-05,0.1178,0.0009,0.0808,0.023
409.61,0.1017,0.0004,0.0626,7.29E-05,0.0661,0.0002,0.0692,7.42E-05,0.0698,0.0001,0.1177,0.0007,0.0812,0.0228
411.1,0.1015,0.0002,0.0631,0.0001,0.0667,0.0002,0.0697,3.57E-05,0.0704,0.0002,0.1182,0.0007,0.0816,0.0226
412.59,0.1019,0.0002,0.0639,5.31E-05,0.0676,0.0002,0.07,9.63E-05,0.0707,0.0002,0.119,0.0008,0.0822,0.0227
414.08,0.1017,0.0005,0.0645,0.0002,0.0681,0.0002,0.0704,6.83E-05,0.0711,0.0002,0.1197,0.0009,0.0826,0.0226
415.57,0.102,0.0003,0.0652,0.0002,0.0689,0.0001,0.0708,8.65E-05,0.0714,5.43E-05,0.1206,0.0008,0.0831,0.0227
417.06,0.1017,0.0001,0.066,9.53E-05,0.0695,0.0001,0.0712,5.58E-05,0.0718,8.00E-05,0.1211,0.0008,0.0835,0.0225
418.56,0.102,0.0003,0.0668,0.0001,0.0704,0.0002,0.072,0.0001,0.0724,0.0002,0.1205,0.0007,0.084,0.022
420.05,0.1033,0.0005,0.0674,0.0002,0.071,0.0002,0.0729,8.18E-05,0.0737,0.0002,0.1205,0.0009,0.0848,0.0218
421.54,0.1032,0.0003,0.0676,6.63E-05,0.0708,0.0002,0.0726,8.70E-05,0.0732,8.23E-05,0.1224,0.0009,0.085,0.0225
423.03,0.1028,0.0003,0.0679,9.71E-05,0.0711,0.0001,0.0723,7.92E-05,0.073,0.0003,0.1231,0.0009,0.085,0.0226
424.53,0.1022,0.0002,0.0685,0.0002,0.0718,8.71E-05,0.0726,0.0001,0.0732,0.0001,0.1236,0.0008,0.0853,0.0225
426.02,0.1018,0.0002,0.0692,0.0001,0.0725,0.0002,0.0733,3.77E-05,0.074,0.0002,0.1239,0.0008,0.0858,0.0221
427.52,0.1021,0.0002,0.0699,0.0001,0.0735,0.0001,0.0743,5.50E-05,0.0749,0.0001,0.1234,0.0008,0.0863,0.0216
429.01,0.1037,0.0002,0.0704,0.0001,0.0741,0.0002,0.0748,7.76E-05,0.0756,0.0002,0.1235,0.0009,0.087,0.0216
430.51,0.104,0.0003,0.0709,0.0002,0.074,5.37E-05,0.0747,3.05E-05,0.0754,0.0001,0.1246,0.001,0.0872,0.022
432,0.1039,0.0002,0.0712,5.43E-05,0.0743,0.0001,0.0745,3.12E-05,0.075,0.0001,0.1255,0.0009,0.0874,0.0222
433.5,0.1036,0.0002,0.0716,9.19E-05,0.0749,0.0001,0.0746,8.83E-05,0.0753,0.0001,0.1258,0.0008,0.0876,0.0221
434.99,0.1036,0.0002,0.0722,9.27E-05,0.0757,0.0001,0.0751,2.99E-05,0.0757,0.0001,0.126,0.0009,0.088,0.0219
436.49,0.1039,0.0002,0.0729,5.68E-05,0.0767,0.0002,0.0754,6.03E-05,0.0759,6.76E-05,0.1267,0.0009,0.0886,0.0219
437.99,0.1038,0.0002,0.0736,0.0001,0.0775,7.57E-05,0.0754,5.58E-05,0.076,0.0001,0.1273,0.0008,0.0889,0.0219
439.48,0.1046,0.0003,0.0741,0.0001,0.0783,0.0002,0.0755,5.13E-05,0.0762,0.0001,0.1268,0.0008,0.0893,0.0217
440.98,0.1057,0.0003,0.0746,0.0001,0.0788,0.0002,0.0755,6.59E-05,0.0764,0.0001,0.1274,0.0009,0.0898,0.0219
442.48,0.1057,0.0002,0.0754,5.87E-05,0.0791,0.0002,0.0752,3.93E-05,0.0759,0.0002,0.1285,0.0009,0.09,0.0223
443.98,0.1056,0.0002,0.0759,0.0002,0.0795,0.0001,0.075,4.94E-05,0.0757,0.0001,0.1292,0.0009,0.0902,0.0224
445.48,0.1058,0.0003,0.0766,0.0001,0.08,0.0001,0.0752,2.68E-05,0.0758,0.0001,0.1299,0.0009,0.0906,0.0225
446.98,0.1057,0.0002,0.0773,0.0001,0.0806,9.90E-05,0.0755,3.63E-05,0.0762,0.0002,0.1304,0.0008,0.0909,0.0225
448.47,0.1056,0.0003,0.078,0.0001,0.0811,0.0002,0.076,7.46E-05,0.0767,0.0001,0.1308,0.0009,0.0914,0.0223
449.97,0.1054,0.0003,0.0788,0.0001,0.0819,0.0001,0.0765,5.69E-05,0.0773,0.0002,0.1311,0.0009,0.0918,0.0221
451.47,0.1053,0.0002,0.0795,0.0002,0.0828,0.0001,0.0772,3.80E-05,0.0779,8.95E-05,0.1315,0.0009,0.0924,0.0219
452.97,0.1061,0.0002,0.0802,0.0001,0.0837,0.0001,0.0779,2.90E-05,0.0786,8.17E-05,0.131,0.0009,0.0929,0.0215
454.47,0.1073,0.0002,0.0808,0.0001,0.0845,0.0002,0.0785,4.41E-05,0.0792,0.0002,0.1315,0.001,0.0936,0.0215
455.97,0.1074,0.0003,0.0816,0.0002,0.0853,0.0001,0.0784,5.82E-05,0.0792,0.0001,0.1323,0.001,0.094,0.0216
457.48,0.1075,0.0002,0.0823,0.0001,0.0861,0.0001,0.0784,4.77E-05,0.0791,0.0001,0.1329,0.001,0.0944,0.0217
458.98,0.1075,0.0002,0.083,0.0001,0.087,0.0001,0.0786,4.79E-05,0.0792,0.0002,0.1335,0.0009,0.0948,0.0217
460.48,0.1077,0.0002,0.0837,9.62E-05,0.0878,0.0001,0.0787,7.92E-05,0.0794,8.60E-05,0.1339,0.001,0.0952,0.0217
461.98,0.1078,0.0001,0.0845,0.0001,0.0887,0.0001,0.0789,5.11E-05,0.0796,0.0001,0.1345,0.0009,0.0957,0.0218
463.48,0.1083,0.0002,0.0853,9.83E-05,0.0895,0.0001,0.0791,7.17E-05,0.0798,0.0001,0.135,0.0009,0.0962,0.0218
464.99,0.1086,0.0001,0.0861,0.0001,0.0903,0.0001,0.0792,6.51E-05,0.0799,0.0001,0.1355,0.001,0.0966,0.0219
466.49,0.1087,0.0002,0.0869,0.0001,0.0911,0.0001,0.0794,5.78E-05,0.0799,0.0002,0.136,0.001,0.097,0.0219
467.99,0.109,0.0003,0.0878,9.53E-05,0.0918,0.0001,0.0797,7.33E-05,0.0802,0.0001,0.1366,0.001,0.0975,0.0219
469.5,0.109,0.0002,0.0886,0.0001,0.0925,0.0001,0.0801,4.65E-05,0.0807,0.0002,0.1373,0.0009,0.098,0.0219
471,0.1088,0.0003,0.0894,9.95E-05,0.0932,0.0001,0.0804,5.44E-05,0.081,0.0001,0.1377,0.001,0.0984,0.0218
472.5,0.1085,0.0003,0.0903,0.0001,0.0941,0.0001,0.0808,7.30E-05,0.0815,0.0001,0.138,0.001,0.0989,0.0217
474.01,0.1088,0.0002,0.0911,0.0002,0.095,0.0001,0.0815,4.13E-05,0.0822,0.0001,0.1381,0.0009,0.0994,0.0214
475.51,0.1101,0.0003,0.0917,0.0002,0.0958,0.0001,0.0821,8.13E-05,0.0829,8.64E-05,0.1384,0.001,0.1002,0.0213
477.02,0.1106,0.0002,0.0926,0.0001,0.0964,0.0001,0.0825,8.34E-05,0.0833,0.0001,0.1391,0.001,0.1007,0.0214
478.53,0.1103,0.0003,0.0935,0.0001,0.0972,0.0001,0.0827,7.43E-05,0.0835,0.0002,0.1395,0.0011,0.1011,0.0213
480.03,0.1101,0.0003,0.0944,0.0001,0.0981,0.0001,0.0832,5.66E-05,0.084,0.0002,0.14,0.001,0.1016,0.0213
481.54,0.1101,0.0003,0.0953,0.0001,0.0993,0.0001,0.0836,8.95E-05,0.0845,0.0001,0.1404,0.001,0.1022,0.0211
483.04,0.1105,0.0003,0.096,0.0002,0.1007,0.0001,0.0842,9.02E-05,0.0851,0.0001,0.1407,0.0011,0.1029,0.021
484.55,0.1113,0.0002,0.0968,0.0002,0.1018,0.0001,0.0846,4.31E-05,0.0854,0.0001,0.1414,0.001,0.1036,0.0211
486.06,0.1116,0.0003,0.0976,0.0001,0.1027,0.0002,0.0848,8.14E-05,0.0856,0.0001,0.1421,0.001,0.1041,0.0212
487.57,0.1117,0.0003,0.0986,0.0001,0.1035,9.01E-05,0.085,6.76E-05,0.0857,0.0001,0.1426,0.001,0.1045,0.0213
489.07,0.1119,0.0003,0.0995,0.0002,0.1046,0.0001,0.0852,4.21E-05,0.086,0.0001,0.143,0.001,0.105,0.0213
490.58,0.1123,0.0002,0.1006,0.0001,0.1054,0.0001,0.0857,8.48E-05,0.0862,9.74E-05,0.1436,0.001,0.1056,0.0214
492.09,0.1125,0.0003,0.1015,0.0001,0.1062,0.0001,0.0863,6.07E-05,0.0865,0.0002,0.1441,0.001,0.1062,0.0213
493.6,0.1124,0.0003,0.1026,0.0001,0.107,0.0001,0.087,6.52E-05,0.087,0.0001,0.1446,0.001,0.1068,0.0213
495.11,0.1123,0.0003,0.1036,0.0002,0.108,0.0001,0.0873,7.92E-05,0.0875,0.0001,0.1451,0.001,0.1073,0.0213
496.62,0.1122,0.0003,0.1047,0.0001,0.1092,0.0001,0.0875,9.26E-05,0.0881,0.0001,0.1456,0.0011,0.1079,0.0212
498.13,0.1124,0.0003,0.1056,0.0001,0.1104,8.15E-05,0.088,0.0001,0.0888,0.0001,0.146,0.001,0.1085,0.0212
499.64,0.1132,0.0002,0.1067,0.0001,0.1118,9.74E-05,0.0887,5.33E-05,0.0895,0.0001,0.1463,0.001,0.1093,0.021
501.15,0.1142,0.0002,0.1075,0.0001,0.1131,0.0001,0.0891,7.35E-05,0.09,0.0002,0.147,0.001,0.1102,0.0212
502.66,0.1146,0.0002,0.1086,0.0001,0.114,0.0002,0.0893,8.87E-05,0.0902,0.0001,0.1478,0.001,0.1108,0.0214
504.17,0.1147,0.0003,0.1099,0.0001,0.115,0.0002,0.0899,7.32E-05,0.0904,0.0002,0.1484,0.0011,0.1114,0.0214
505.68,0.1149,0.0002,0.1111,0.0002,0.1162,0.0002,0.0915,7.47E-05,0.0909,0.0001,0.149,0.0011,0.1123,0.0213
507.19,0.1151,0.0003,0.1124,0.0002,0.1176,0.0002,0.0926,4.20E-05,0.0914,0.0001,0.1497,0.001,0.1131,0.0212
508.7,0.115,0.0003,0.1137,0.0001,0.1188,0.0001,0.093,9.42E-05,0.092,0.0002,0.1502,0.0011,0.1138,0.0213
510.22,0.1152,0.0003,0.1149,0.0002,0.1201,0.0001,0.0932,0.0001,0.0927,0.0002,0.1509,0.0011,0.1145,0.0214
511.73,0.1155,0.0003,0.1162,0.0001,0.1216,0.0001,0.0935,8.26E-05,0.0935,0.0002,0.1516,0.0011,0.1153,0.0215
513.24,0.1157,0.0003,0.1175,0.0002,0.1231,0.0001,0.0935,0.0001,0.0943,0.0001,0.152,0.0011,0.116,0.0216
514.75,0.1163,0.0003,0.1188,0.0002,0.1248,0.0001,0.0944,8.82E-05,0.0949,0.0001,0.1527,0.0011,0.117,0.0216
516.27,0.1169,0.0003,0.1202,0.0002,0.1263,0.0001,0.0957,8.36E-05,0.0955,0.0002,0.1534,0.0011,0.118,0.0216
517.78,0.1172,0.0002,0.1216,0.0001,0.1277,8.24E-05,0.0972,7.88E-05,0.0961,0.0002,0.1542,0.0011,0.119,0.0216
519.3,0.1174,0.0002,0.1231,0.0001,0.1293,0.0001,0.0991,9.28E-05,0.0967,0.0001,0.1549,0.001,0.1201,0.0214
520.81,0.1176,0.0002,0.1246,0.0001,0.1309,9.53E-05,0.1012,8.54E-05,0.0973,0.0002,0.1557,0.0011,0.1212,0.0214
522.32,0.1177,0.0003,0.126,0.0002,0.1326,0.0001,0.1021,5.51E-05,0.098,0.0002,0.1562,0.0011,0.1221,0.0214
523.84,0.1182,0.0002,0.1274,0.0001,0.1346,0.0001,0.1037,8.57E-05,0.0987,0.0002,0.157,0.0011,0.1233,0.0214
525.35,0.1185,0.0003,0.129,0.0002,0.1364,0.0001,0.1056,8.87E-05,0.0993,0.0002,0.1578,0.0011,0.1244,0.0214
526.87,0.119,0.0002,0.1306,0.0001,0.138,0.0001,0.1071,9.80E-05,0.1,0.0002,0.1585,0.0011,0.1255,0.0215
528.39,0.1193,0.0002,0.1322,0.0002,0.1397,0.0001,0.1081,8.14E-05,0.1007,0.0002,0.1591,0.0011,0.1265,0.0216
529.9,0.1197,0.0001,0.1339,0.0001,0.1418,0.0001,0.1093,8.97E-05,0.1015,0.0002,0.1598,0.0011,0.1277,0.0217
531.42,0.1201,0.0002,0.1355,0.0002,0.1438,0.0002,0.1108,9.61E-05,0.1023,0.0001,0.1607,0.0012,0.1289,0.0219
532.93,0.1204,0.0003,0.1372,0.0002,0.1456,0.0001,0.1119,9.13E-05,0.1032,0.0002,0.1614,0.0011,0.1299,0.022
534.45,0.1207,0.0002,0.1388,0.0002,0.1475,0.0001,0.1129,0.0001,0.104,0.0002,0.1621,0.0011,0.131,0.0222
535.97,0.1209,0.0002,0.1404,0.0002,0.1493,0.0001,0.1134,0.0001,0.1047,0.0002,0.1627,0.0011,0.1319,0.0225
537.49,0.1214,0.0002,0.1421,0.0002,0.1514,0.0001,0.1141,0.0001,0.1056,0.0002,0.1636,0.0011,0.133,0.0228
539,0.1218,0.0002,0.1438,0.0002,0.1535,0.0002,0.1152,9.75E-05,0.1065,0.0002,0.1645,0.0011,0.1342,0.0231
540.52,0.1223,0.0002,0.1456,0.0002,0.1556,0.0001,0.1158,0.0001,0.1073,0.0002,0.1653,0.0011,0.1353,0.0234
542.04,0.1226,0.0002,0.1473,0.0002,0.1575,0.0001,0.1164,0.0001,0.1082,0.0002,0.1659,0.0012,0.1363,0.0237
543.56,0.1229,0.0003,0.149,0.0002,0.1596,0.0001,0.1172,9.69E-05,0.1091,0.0002,0.1667,0.0012,0.1374,0.0241
545.08,0.1235,0.0002,0.1508,0.0002,0.1618,0.0002,0.1184,0.0001,0.1101,0.0002,0.1676,0.0011,0.1387,0.0244
546.6,0.1238,0.0002,0.1526,0.0002,0.1639,0.0002,0.1193,8.06E-05,0.111,0.0002,0.1685,0.0012,0.1399,0.0248
548.12,0.1242,0.0003,0.1543,0.0002,0.166,0.0001,0.1205,0.0001,0.112,0.0002,0.1694,0.0012,0.1411,0.0251
549.64,0.1247,0.0002,0.1562,0.0002,0.1682,0.0001,0.1216,0.0001,0.113,0.0001,0.1703,0.0012,0.1423,0.0255
551.16,0.1251,0.0002,0.1579,0.0002,0.1702,0.0001,0.1225,9.19E-05,0.1141,0.0002,0.1711,0.0012,0.1435,0.0258
552.68,0.1253,0.0003,0.1596,0.0002,0.1723,0.0001,0.1227,9.29E-05,0.115,0.0002,0.1718,0.0012,0.1445,0.0263
554.2,0.1256,0.0002,0.1614,0.0002,0.1744,0.0001,0.1229,0.0001,0.1162,0.0002,0.1726,0.0012,0.1455,0.0268
555.72,0.1262,0.0002,0.1631,0.0002,0.1765,0.0001,0.1232,0.0001,0.1173,0.0001,0.1735,0.0012,0.1466,0.0273
557.24,0.1267,0.0002,0.1647,0.0002,0.1786,0.0001,0.1236,0.0001,0.1183,0.0002,0.1743,0.0012,0.1477,0.0277
558.76,0.1271,0.0003,0.1664,0.0002,0.1807,0.0001,0.1242,0.0001,0.1195,0.0001,0.1752,0.0012,0.1488,0.0281
560.28,0.1275,0.0003,0.1682,0.0002,0.1828,0.0001,0.1249,0.0001,0.1207,0.0002,0.1761,0.0012,0.15,0.0286
561.8,0.1279,0.0003,0.1698,0.0002,0.1848,0.0001,0.1255,0.0001,0.1218,0.0002,0.1769,0.0012,0.1511,0.029
563.33,0.1284,0.0002,0.1714,0.0002,0.187,0.0001,0.1267,0.0001,0.1229,0.0002,0.1779,0.0012,0.1524,0.0294
564.85,0.129,0.0002,0.173,0.0002,0.189,0.0001,0.1274,0.0001,0.124,0.0002,0.1787,0.0013,0.1535,0.0297
566.37,0.1295,0.0003,0.1747,0.0002,0.1911,0.0001,0.1284,0.0001,0.1253,0.0002,0.1795,0.0012,0.1547,0.0301
567.9,0.1301,0.0002,0.1764,0.0002,0.1932,0.0002,0.1303,9.55E-05,0.1264,0.0001,0.1805,0.0013,0.1562,0.0303
569.42,0.1304,0.0003,0.178,0.0002,0.1951,0.0002,0.1322,0.0001,0.1275,0.0001,0.1815,0.0013,0.1574,0.0306
570.94,0.1309,0.0003,0.1796,0.0002,0.1971,0.0002,0.1334,9.48E-05,0.1287,0.0002,0.1823,0.0013,0.1586,0.0309
572.47,0.1313,0.0002,0.1814,0.0002,0.1993,0.0001,0.1351,0.0001,0.1299,0.0002,0.1832,0.0013,0.16,0.0313
573.99,0.1317,0.0002,0.183,0.0002,0.2014,0.0002,0.1366,0.0001,0.1311,0.0001,0.1842,0.0012,0.1613,0.0316
575.52,0.1322,0.0002,0.1846,0.0002,0.2035,0.0001,0.1382,0.0001,0.1323,0.0001,0.1852,0.0013,0.1626,0.032
577.04,0.1327,0.0002,0.1863,0.0002,0.2056,0.0001,0.1398,0.0002,0.1335,0.0002,0.1862,0.0013,0.164,0.0323
578.57,0.1333,0.0003,0.188,0.0002,0.2078,0.0002,0.1416,0.0001,0.1346,0.0002,0.1873,0.0012,0.1654,0.0327
580.09,0.1338,0.0002,0.1896,0.0003,0.2099,0.0001,0.1428,0.0001,0.1358,0.0002,0.1883,0.0013,0.1667,0.0331
581.62,0.1342,0.0003,0.1914,0.0002,0.212,0.0001,0.1435,0.0002,0.1371,0.0002,0.1893,0.0013,0.1679,0.0336
583.14,0.1345,0.0002,0.193,0.0002,0.214,0.0002,0.1437,0.0002,0.1385,0.0002,0.1903,0.0013,0.169,0.0341
584.67,0.1349,0.0002,0.1945,0.0002,0.216,0.0002,0.1425,0.0001,0.1399,0.0002,0.1913,0.0013,0.1699,0.0348
586.19,0.1356,0.0003,0.1961,0.0002,0.2182,0.0002,0.1425,0.0001,0.1413,0.0002,0.1922,0.0013,0.171,0.0354
587.72,0.1363,0.0002,0.1977,0.0003,0.2204,0.0001,0.1437,0.0001,0.1428,0.0002,0.1935,0.0013,0.1724,0.0357
589.25,0.1367,0.0002,0.199,0.0003,0.2223,0.0002,0.1439,0.0001,0.1441,0.0002,0.1944,0.0013,0.1734,0.0362
590.78,0.1371,0.0002,0.2005,0.0003,0.2243,0.0001,0.1445,0.0002,0.1455,0.0002,0.1956,0.0013,0.1746,0.0367
592.3,0.1378,0.0002,0.202,0.0002,0.2264,0.0001,0.1457,0.0001,0.1468,0.0002,0.1967,0.0013,0.1759,0.0371
593.83,0.1383,0.0003,0.2034,0.0003,0.2285,0.0001,0.1472,0.0002,0.1483,0.0002,0.1978,0.0013,0.1772,0.0374
595.36,0.1391,0.0002,0.2049,0.0003,0.2306,0.0002,0.1487,0.0001,0.1499,0.0002,0.1991,0.0013,0.1787,0.0377
596.89,0.1396,0.0003,0.2062,0.0003,0.2326,0.0001,0.1502,0.0002,0.1516,0.0002,0.2001,0.0013,0.18,0.0379
598.42,0.1404,0.0003,0.2074,0.0003,0.2345,0.0001,0.1516,0.0002,0.153,0.0002,0.2013,0.0013,0.1814,0.0381
599.94,0.1409,0.0002,0.2087,0.0002,0.2365,7.98E-05,0.1531,0.0001,0.1546,0.0002,0.2024,0.0014,0.1827,0.0384
601.47,0.1414,0.0003,0.2099,0.0002,0.2382,0.0002,0.1547,0.0002,0.1562,0.0002,0.2035,0.0013,0.184,0.0386
603,0.142,0.0002,0.2111,0.0002,0.2398,0.0001,0.1564,0.0002,0.1579,0.0002,0.2049,0.0014,0.1854,0.0387
604.53,0.1426,0.0003,0.2121,0.0002,0.2414,9.19E-05,0.1582,0.0002,0.1595,0.0002,0.2063,0.0014,0.1867,0.0388
606.06,0.1433,0.0003,0.2133,0.0003,0.2427,0.0001,0.1598,0.0002,0.1612,0.0002,0.2076,0.0014,0.188,0.0388
607.59,0.1438,0.0003,0.2144,0.0003,0.2442,0.0001,0.1614,0.0002,0.1629,0.0001,0.209,0.0014,0.1893,0.0389
609.12,0.1446,0.0003,0.2156,0.0003,0.2454,0.0001,0.1632,0.0002,0.1646,0.0003,0.2103,0.0014,0.1906,0.0389
610.65,0.1452,0.0003,0.2167,0.0003,0.2468,9.41E-05,0.1648,0.0002,0.1662,0.0002,0.2115,0.0014,0.1919,0.0389
612.18,0.1461,0.0003,0.2179,0.0003,0.2484,0.0001,0.1665,0.0002,0.1679,0.0001,0.2127,0.0014,0.1933,0.039
613.72,0.1468,0.0003,0.2193,0.0003,0.2501,0.0001,0.168,0.0002,0.1695,0.0002,0.2139,0.0014,0.1946,0.0392
615.25,0.1475,0.0004,0.2208,0.0002,0.252,0.0002,0.1697,0.0002,0.1712,0.0002,0.2151,0.0014,0.1961,0.0394
616.78,0.1481,0.0002,0.2222,0.0003,0.254,0.0002,0.1714,0.0002,0.1729,0.0002,0.2164,0.0015,0.1975,0.0397
618.31,0.1485,0.0003,0.2236,0.0002,0.2559,0.0001,0.1731,0.0002,0.1745,0.0002,0.2177,0.0014,0.1989,0.04
619.84,0.1486,0.0003,0.2252,0.0003,0.2579,0.0001,0.1743,0.0002,0.1758,0.0002,0.2183,0.0015,0.2,0.0405
621.38,0.1489,0.0002,0.2269,0.0003,0.2602,8.95E-05,0.1755,0.0002,0.1772,0.0002,0.2189,0.0015,0.2013,0.0411
622.91,0.1499,0.0003,0.2286,0.0003,0.2634,0.0001,0.1772,0.0002,0.1788,0.0002,0.2205,0.0014,0.2031,0.0416
624.44,0.151,0.0003,0.2299,0.0003,0.2661,0.0002,0.1786,0.0002,0.1802,0.0002,0.2225,0.0014,0.2047,0.0422
625.97,0.1514,0.0003,0.231,0.0003,0.2671,0.0001,0.1802,0.0002,0.1817,0.0002,0.2241,0.0015,0.2059,0.0422
627.51,0.152,0.0003,0.2319,0.0003,0.2673,0.0002,0.1823,0.0002,0.1839,0.0002,0.2247,0.0014,0.207,0.0418
629.04,0.1527,0.0002,0.2325,0.0003,0.2685,0.0001,0.185,0.0002,0.1866,0.0002,0.2258,0.0015,0.2085,0.0415
630.58,0.1532,0.0003,0.2325,0.0003,0.27,0.0001,0.1873,0.0002,0.189,0.0003,0.2276,0.0015,0.2099,0.0415
632.11,0.1534,0.0004,0.2327,0.0003,0.2709,0.0002,0.189,0.0002,0.1908,0.0002,0.2294,0.0015,0.211,0.0415
633.64,0.1533,0.0004,0.2333,0.0004,0.2717,0.0001,0.1905,0.0002,0.1921,0.0002,0.2314,0.0015,0.2121,0.0417
635.18,0.1537,0.0003,0.2332,0.0003,0.2729,0.0002,0.1924,0.0002,0.1942,0.0003,0.233,0.0014,0.2132,0.0417
636.71,0.1549,0.0003,0.2329,0.0003,0.2747,0.0001,0.1947,0.0002,0.1965,0.0002,0.2344,0.0016,0.2147,0.0415
638.25,0.1564,0.0004,0.2328,0.0003,0.2764,0.0001,0.1966,0.0002,0.1985,0.0003,0.2359,0.0015,0.2161,0.0414
639.78,0.1579,0.0005,0.2328,0.0003,0.2775,0.0002,0.198,0.0002,0.2001,0.0003,0.2376,0.0016,0.2173,0.0412
641.32,0.159,0.0003,0.2329,0.0003,0.2778,5.23E-05,0.1995,0.0002,0.2015,0.0003,0.2393,0.0015,0.2183,0.0409
642.86,0.16,0.0004,0.2329,0.0003,0.2778,0.0001,0.2013,0.0002,0.2032,0.0002,0.2405,0.0015,0.2193,0.0404
644.39,0.1611,0.0004,0.2325,0.0003,0.2785,8.06E-05,0.2034,0.0002,0.2055,0.0002,0.2419,0.0015,0.2205,0.04
645.93,0.1619,0.0003,0.232,0.0002,0.2801,0.0001,0.2062,0.0002,0.2081,0.0002,0.2433,0.0015,0.2219,0.0399
647.46,0.1617,0.0003,0.2317,0.0003,0.2819,0.0001,0.2088,0.0002,0.2108,0.0002,0.2441,0.0016,0.2232,0.0402
649,0.1617,0.0003,0.2321,0.0003,0.2837,8.69E-05,0.2106,0.0003,0.2124,0.0003,0.2456,0.0015,0.2243,0.0407
650.54,0.1618,0.0003,0.2322,0.0003,0.2845,0.0001,0.2122,0.0002,0.2141,0.0003,0.2475,0.0016,0.2254,0.0409
652.08,0.1625,0.0004,0.232,0.0003,0.2848,6.73E-05,0.2138,0.0003,0.2158,0.0003,0.2491,0.0015,0.2263,0.0408
653.61,0.1637,0.0004,0.2323,0.0003,0.2861,0.0001,0.2159,0.0002,0.218,0.0003,0.2508,0.0016,0.2278,0.0407
655.15,0.1645,0.0004,0.2323,0.0003,0.2873,7.05E-05,0.2179,0.0003,0.22,0.0003,0.2524,0.0016,0.2291,0.0408
656.69,0.1652,0.0003,0.2323,0.0003,0.2883,5.48E-05,0.2199,0.0002,0.222,0.0003,0.2537,0.0016,0.2302,0.0408
658.23,0.1657,0.0004,0.2322,0.0003,0.2893,9.08E-05,0.222,0.0002,0.224,0.0003,0.2551,0.0017,0.2314,0.0409
659.77,0.1665,0.0003,0.2322,0.0003,0.2905,6.47E-05,0.2241,0.0002,0.226,0.0003,0.2564,0.0016,0.2326,0.041
661.3,0.1671,0.0004,0.2324,0.0003,0.2917,0.0001,0.2261,0.0002,0.228,0.0003,0.2577,0.0016,0.2338,0.0412
662.84,0.1678,0.0003,0.2327,0.0003,0.293,9.36E-05,0.2282,0.0003,0.2301,0.0003,0.2592,0.0017,0.2352,0.0414
664.38,0.1684,0.0004,0.2331,0.0003,0.2942,9.75E-05,0.2303,0.0002,0.2322,0.0003,0.2607,0.0017,0.2365,0.0415
665.92,0.169,0.0004,0.2336,0.0003,0.2953,7.38E-05,0.2323,0.0003,0.2343,0.0003,0.2621,0.0017,0.2378,0.0417
667.46,0.1696,0.0004,0.2347,0.0003,0.2967,7.16E-05,0.2343,0.0003,0.2364,0.0003,0.2638,0.0017,0.2392,0.042
669,0.1705,0.0003,0.2359,0.0003,0.2981,6.94E-05,0.2364,0.0003,0.2385,0.0003,0.265,0.0017,0.2408,0.0421
670.54,0.1714,0.0003,0.2376,0.0003,0.2999,0.0001,0.2386,0.0003,0.2407,0.0003,0.2665,0.0017,0.2424,0.0424
672.08,0.1721,0.0003,0.2395,0.0003,0.3019,4.88E-05,0.2408,0.0003,0.2428,0.0003,0.2682,0.0017,0.2442,0.0427
673.62,0.1729,0.0004,0.2422,0.0004,0.3039,9.67E-05,0.243,0.0003,0.245,0.0003,0.2697,0.0017,0.2461,0.0431
675.16,0.1737,0.0003,0.2454,0.0004,0.3062,9.57E-05,0.2452,0.0003,0.2472,0.0003,0.2716,0.0017,0.2482,0.0435
676.71,0.1746,0.0004,0.2491,0.0004,0.309,8.11E-05,0.2475,0.0003,0.2495,0.0003,0.2733,0.0017,0.2505,0.0441
678.25,0.1755,0.0003,0.2535,0.0004,0.3121,0.0001,0.2498,0.0003,0.2519,0.0003,0.2752,0.0018,0.253,0.0447
679.79,0.1765,0.0004,0.2589,0.0004,0.3157,0.0001,0.2522,0.0003,0.2543,0.0004,0.2772,0.0017,0.2558,0.0455
681.33,0.1771,0.0004,0.2648,0.0004,0.3198,0.0001,0.2546,0.0003,0.2569,0.0003,0.279,0.0017,0.2587,0.0466
682.87,0.1776,0.0005,0.2721,0.0004,0.3231,0.0001,0.2564,0.0003,0.2589,0.0004,0.2811,0.0017,0.2615,0.0477
684.41,0.1789,0.0005,0.2809,0.0004,0.3275,8.67E-05,0.2586,0.0003,0.2613,0.0004,0.2837,0.0018,0.2652,0.0489
685.96,0.1804,0.0004,0.2899,0.0005,0.3331,8.84E-05,0.261,0.0003,0.2637,0.0004,0.2861,0.0017,0.269,0.0506
687.5,0.1816,0.0004,0.2995,0.0005,0.3395,8.46E-05,0.2633,0.0003,0.266,0.0003,0.2884,0.0017,0.273,0.0527
689.04,0.1829,0.0003,0.3098,0.0005,0.3465,0.0001,0.2658,0.0004,0.2685,0.0003,0.2906,0.0017,0.2774,0.0551
690.58,0.184,0.0004,0.3207,0.0005,0.354,0.0001,0.2682,0.0003,0.2712,0.0003,0.2929,0.0018,0.2818,0.0578
692.13,0.1851,0.0004,0.3314,0.0005,0.3621,0.0001,0.2708,0.0003,0.2737,0.0003,0.2952,0.0018,0.2864,0.0608
693.67,0.1862,0.0003,0.3419,0.0006,0.3704,0.0001,0.2733,0.0003,0.2762,0.0003,0.2975,0.0019,0.2909,0.064
695.22,0.1873,0.0004,0.3528,0.0006,0.3789,8.43E-05,0.2758,0.0004,0.2787,0.0003,0.2999,0.0018,0.2955,0.0673
696.76,0.1883,0.0005,0.3637,0.0006,0.3872,0.0001,0.2782,0.0003,0.2812,0.0003,0.3025,0.0019,0.3002,0.0707
698.3,0.1895,0.0004,0.3743,0.0006,0.3958,0.0001,0.2808,0.0004,0.2836,0.0003,0.3049,0.0018,0.3048,0.0741
699.85,0.1907,0.0004,0.3839,0.0005,0.4042,0.0002,0.283,0.0004,0.2861,0.0002,0.3068,0.0017,0.3091,0.0773
701.39,0.1918,0.0003,0.3932,0.0006,0.4126,0.0001,0.2854,0.0004,0.2886,0.0003,0.3088,0.0018,0.3134,0.0805
702.94,0.193,0.0005,0.402,0.0006,0.4207,8.82E-05,0.2879,0.0003,0.2909,0.0004,0.3107,0.0018,0.3175,0.0836
704.48,0.194,0.0004,0.4102,0.0006,0.4289,7.58E-05,0.2902,0.0003,0.2934,0.0003,0.3125,0.0019,0.3215,0.0866
706.03,0.195,0.0006,0.4183,0.0006,0.4372,0.0001,0.2926,0.0003,0.2958,0.0003,0.3143,0.0019,0.3255,0.0897
707.57,0.1962,0.0004,0.4264,0.0005,0.4453,0.0001,0.295,0.0004,0.2983,0.0003,0.3162,0.0018,0.3296,0.0926
709.12,0.1971,0.0004,0.4341,0.0006,0.4533,0.0002,0.2975,0.0004,0.301,0.0004,0.3179,0.0019,0.3335,0.0956
710.66,0.1982,0.0004,0.4422,0.0005,0.4607,0.0001,0.3004,0.0003,0.3036,0.0004,0.3199,0.0018,0.3375,0.0984
712.21,0.1988,0.0005,0.4508,0.0006,0.4671,0.0002,0.3028,0.0004,0.3063,0.0003,0.3218,0.0018,0.3413,0.1012
713.76,0.1995,0.0005,0.4589,0.0007,0.4735,0.0001,0.305,0.0004,0.3085,0.0004,0.3242,0.0018,0.3449,0.1039
715.3,0.2009,0.0004,0.4656,0.0006,0.4805,0.0001,0.307,0.0004,0.3109,0.0004,0.3269,0.0018,0.3486,0.1063
716.85,0.2022,0.0005,0.4711,0.0007,0.488,0.0002,0.3095,0.0004,0.3134,0.0005,0.3293,0.0018,0.3522,0.1086
718.4,0.2037,0.0004,0.4776,0.0006,0.4941,0.0002,0.3122,0.0004,0.3162,0.0004,0.3311,0.0018,0.3558,0.1106
719.94,0.2042,0.0005,0.4841,0.0006,0.4998,0.0002,0.3145,0.0004,0.3185,0.0005,0.3333,0.0018,0.3591,0.1129
721.49,0.2054,0.0005,0.4894,0.0007,0.5059,0.0001,0.3169,0.0004,0.3209,0.0005,0.3356,0.0018,0.3623,0.1148
723.04,0.2067,0.0005,0.4946,0.0006,0.5121,0.0002,0.3197,0.0004,0.3236,0.0005,0.3379,0.0018,0.3658,0.1166
724.59,0.2077,0.0005,0.4997,0.0006,0.5176,0.0001,0.3221,0.0004,0.3262,0.0004,0.3402,0.0019,0.3689,0.1184
726.14,0.2087,0.0004,0.5043,0.0007,0.5229,0.0001,0.3245,0.0004,0.3284,0.0004,0.3423,0.0018,0.3719,0.12
727.68,0.2098,0.0005,0.5077,0.0006,0.5282,0.0001,0.3267,0.0004,0.331,0.0004,0.3443,0.0018,0.3746,0.1213
729.23,0.211,0.0004,0.5111,0.0006,0.5337,0.0002,0.3294,0.0004,0.3335,0.0004,0.3462,0.002,0.3775,0.1227
730.78,0.2119,0.0004,0.5149,0.0006,0.5384,0.0001,0.332,0.0003,0.3362,0.0004,0.3478,0.0018,0.3802,0.1239
732.33,0.2129,0.0004,0.5187,0.0005,0.5432,0.0001,0.3345,0.0004,0.3388,0.0004,0.3499,0.0018,0.383,0.1253
733.88,0.214,0.0004,0.5228,0.0005,0.5479,0.0002,0.3373,0.0004,0.3418,0.0004,0.352,0.0019,0.386,0.1265
735.43,0.2153,0.0003,0.5264,0.0005,0.5524,0.0002,0.3399,0.0004,0.3444,0.0005,0.3539,0.0019,0.3887,0.1276
736.98,0.2166,0.0005,0.53,0.0005,0.557,0.0002,0.3422,0.0004,0.3469,0.0005,0.356,0.0019,0.3914,0.1287
738.53,0.2179,0.0005,0.5331,0.0006,0.5608,0.0002,0.3448,0.0004,0.3494,0.0005,0.3578,0.002,0.394,0.1295
740.08,0.219,0.0003,0.536,0.0005,0.5643,0.0002,0.3474,0.0004,0.3522,0.0005,0.3599,0.0019,0.3965,0.1302
741.63,0.2202,0.0005,0.539,0.0005,0.5676,0.0002,0.35,0.0004,0.3549,0.0005,0.3621,0.002,0.399,0.1309
743.18,0.221,0.0005,0.5416,0.0005,0.5702,0.0002,0.352,0.0004,0.357,0.0004,0.3637,0.002,0.4009,0.1316
744.73,0.2219,0.0005,0.5442,0.0004,0.5729,0.0002,0.3541,0.0004,0.3592,0.0005,0.3647,0.0019,0.4028,0.1322
746.28,0.2224,0.0006,0.5465,0.0005,0.5761,0.0002,0.3565,0.0004,0.3615,0.0005,0.3663,0.0019,0.4049,0.1329
747.83,0.2233,0.0005,0.5484,0.0005,0.5793,0.0002,0.3592,0.0004,0.3643,0.0004,0.3675,0.0018,0.407,0.1335
749.38,0.2243,0.0005,0.5507,0.0004,0.5826,0.0002,0.3616,0.0004,0.3668,0.0005,0.3694,0.0019,0.4093,0.1341
750.93,0.2254,0.0005,0.5541,0.0005,0.5859,0.0002,0.3641,0.0004,0.3693,0.0005,0.371,0.0019,0.4116,0.135
752.48,0.2263,0.0004,0.5581,0.0005,0.5892,0.0002,0.3668,0.0004,0.3718,0.0007,0.3728,0.002,0.4141,0.1359
754.03,0.2272,0.0005,0.5648,0.0004,0.5911,0.0002,0.3703,0.0005,0.3752,0.0005,0.375,0.0019,0.4173,0.137
755.59,0.2274,0.0006,0.5757,0.0005,0.5887,0.0002,0.3725,0.0006,0.3776,0.0005,0.3779,0.0019,0.42,0.1383
757.14,0.2273,0.0008,0.5788,0.0005,0.5902,0.0002,0.3732,0.0005,0.3787,0.0005,0.3835,0.0018,0.4219,0.139
758.69,0.23,0.0007,0.578,0.0005,0.5918,0.0003,0.375,0.0004,0.3805,0.0004,0.387,0.0019,0.4237,0.138
760.24,0.2319,0.0007,0.5759,0.0004,0.5949,0.0002,0.3765,0.0004,0.3821,0.0006,0.39,0.002,0.4252,0.1374
761.79,0.2334,0.0006,0.5742,0.0003,0.5994,0.0002,0.3789,0.0005,0.3845,0.0006,0.3911,0.002,0.4269,0.1373
763.35,0.2347,0.0006,0.5737,0.0005,0.6037,0.0002,0.3816,0.0005,0.3871,0.0006,0.392,0.002,0.4288,0.1376
764.9,0.2359,0.0003,0.5762,0.0005,0.6081,0.0003,0.3844,0.0005,0.3901,0.0004,0.3933,0.0019,0.4313,0.1384
766.45,0.2365,0.0004,0.5789,0.0005,0.6113,0.0003,0.3869,0.0005,0.3926,0.0007,0.3944,0.002,0.4334,0.1393
768.01,0.2376,0.0006,0.5819,0.0004,0.6138,0.0003,0.3893,0.0005,0.3948,0.0006,0.396,0.002,0.4356,0.1398
769.56,0.2382,0.0006,0.5854,0.0005,0.6159,0.0002,0.3917,0.0005,0.3976,0.0006,0.3977,0.0019,0.4377,0.1405
771.11,0.2394,0.0006,0.589,0.0004,0.6184,0.0002,0.3945,0.0004,0.4003,0.0005,0.4001,0.0021,0.4403,0.1411
772.67,0.2403,0.0008,0.5914,0.0004,0.6202,0.0002,0.3966,0.0004,0.4027,0.0007,0.4016,0.002,0.4421,0.1414
774.22,0.2414,0.0005,0.594,0.0004,0.6224,0.0003,0.3991,0.0005,0.405,0.0006,0.4037,0.0021,0.4443,0.1418
775.78,0.2425,0.0006,0.5964,0.0005,0.6249,0.0002,0.4012,0.0005,0.4075,0.0006,0.4056,0.0021,0.4463,0.1422
777.33,0.2437,0.0004,0.5984,0.0004,0.6271,0.0003,0.4034,0.0006,0.4096,0.0005,0.4075,0.002,0.4483,0.1425
778.88,0.2448,0.0006,0.6012,0.0004,0.6296,0.0003,0.406,0.0005,0.4121,0.0006,0.4097,0.0021,0.4506,0.143
780.44,0.2458,0.0006,0.6035,0.0005,0.6319,0.0002,0.4083,0.0006,0.4146,0.0007,0.4113,0.0019,0.4525,0.1434
781.99,0.2467,0.0006,0.606,0.0006,0.6341,0.0003,0.4106,0.0005,0.4171,0.0006,0.4131,0.0021,0.4546,0.1438
783.55,0.2479,0.0005,0.6076,0.0005,0.6358,0.0002,0.4129,0.0006,0.4192,0.0006,0.4149,0.002,0.4564,0.1439
785.1,0.249,0.0005,0.6104,0.0006,0.6384,0.0001,0.4153,0.0006,0.4219,0.0007,0.4173,0.002,0.4587,0.1444
786.66,0.2497,0.0006,0.6125,0.0005,0.6406,0.0003,0.4173,0.0005,0.4235,0.0005,0.4193,0.0021,0.4605,0.1449
788.22,0.2512,0.0007,0.6148,0.0005,0.643,0.0002,0.4195,0.0005,0.4257,0.0007,0.4216,0.0021,0.4626,0.1451
789.77,0.2519,0.0007,0.6164,0.0006,0.6449,0.0002,0.4215,0.0005,0.4279,0.0005,0.4235,0.0022,0.4643,0.1454
791.33,0.2532,0.0009,0.6185,0.0005,0.6472,0.0002,0.4238,0.0005,0.4305,0.0006,0.4255,0.0021,0.4665,0.1456
792.88,0.2542,0.0004,0.621,0.0005,0.6498,0.0003,0.4261,0.0005,0.4329,0.0007,0.4277,0.0021,0.4686,0.1462
794.44,0.2552,0.0005,0.6229,0.0006,0.6521,0.0002,0.4283,0.0006,0.4351,0.0006,0.4296,0.0021,0.4705,0.1465
796,0.2564,0.0008,0.6252,0.0005,0.6543,0.0002,0.4306,0.0005,0.4374,0.0005,0.4315,0.0021,0.4726,0.1468
797.55,0.2576,0.0006,0.6274,0.0005,0.6565,0.0003,0.4328,0.0007,0.4397,0.0007,0.4333,0.0022,0.4746,0.1471
799.11,0.2586,0.0006,0.6295,0.0005,0.6591,0.0003,0.4354,0.0006,0.4418,0.0006,0.4349,0.0022,0.4766,0.1475
800.67,0.2596,0.0004,0.631,0.0005,0.661,0.0003,0.4372,0.0006,0.444,0.0006,0.4363,0.0021,0.4782,0.1478
802.22,0.2606,0.0005,0.6325,0.0005,0.663,0.0003,0.4392,0.0005,0.4457,0.0008,0.4377,0.0021,0.4798,0.148
803.78,0.2621,0.0006,0.6348,0.0005,0.6656,0.0003,0.4415,0.0006,0.448,0.0005,0.4393,0.0023,0.4819,0.1483
805.34,0.2631,0.0007,0.6372,0.0006,0.6678,0.0002,0.4434,0.0007,0.45,0.0007,0.441,0.0021,0.4837,0.1488
806.9,0.2639,0.0005,0.6395,0.0006,0.6701,0.0002,0.4457,0.0006,0.4523,0.0006,0.4429,0.0021,0.4857,0.1493
808.45,0.2643,0.0006,0.6423,0.0004,0.6714,0.0004,0.4479,0.0006,0.4549,0.0006,0.4445,0.002,0.4875,0.1497
810.01,0.2655,0.0006,0.6461,0.0006,0.6728,0.0003,0.45,0.0005,0.4568,0.0007,0.4469,0.0022,0.4897,0.1502
811.57,0.2664,0.0008,0.6484,0.0007,0.6733,0.0004,0.4518,0.0006,0.4586,0.0008,0.4496,0.002,0.4913,0.1501
813.13,0.2678,0.001,0.6494,0.0007,0.6749,0.0004,0.4535,0.0007,0.4605,0.0006,0.4522,0.002,0.4931,0.15
814.69,0.269,0.0007,0.6503,0.0007,0.677,0.0003,0.455,0.0006,0.4623,0.0007,0.4545,0.0019,0.4947,0.1501
816.25,0.2704,0.0007,0.6502,0.0006,0.6793,0.0004,0.4567,0.0006,0.4637,0.0007,0.4561,0.0022,0.4961,0.15
817.81,0.2717,0.0005,0.6528,0.0007,0.6806,0.0003,0.4594,0.0006,0.4667,0.0005,0.458,0.002,0.4982,0.1501
819.36,0.2725,0.0008,0.6544,0.0006,0.6818,0.0003,0.4607,0.0007,0.4681,0.0006,0.4608,0.002,0.4997,0.1502
820.92,0.274,0.0007,0.6546,0.0007,0.685,0.0003,0.463,0.0006,0.4704,0.0007,0.4632,0.0021,0.5017,0.1502
822.48,0.275,0.0008,0.6558,0.0006,0.6869,0.0004,0.4654,0.0007,0.4727,0.0006,0.4649,0.0022,0.5034,0.1503
824.04,0.2761,0.0007,0.6585,0.0006,0.6886,0.0002,0.4675,0.0006,0.475,0.0005,0.467,0.002,0.5054,0.1506
825.6,0.2769,0.0005,0.6596,0.0008,0.6895,0.0003,0.4689,0.0006,0.4764,0.0007,0.4689,0.002,0.5067,0.1506
827.16,0.2781,0.0007,0.6612,0.0005,0.6911,0.0003,0.4714,0.0006,0.4788,0.0006,0.4711,0.002,0.5086,0.1506
828.72,0.2797,0.0008,0.6627,0.0007,0.6929,0.0003,0.473,0.0007,0.4807,0.0005,0.4734,0.0021,0.5104,0.1506
830.28,0.2807,0.0006,0.6637,0.0007,0.6949,0.0004,0.4753,0.0007,0.4824,0.0008,0.4755,0.0023,0.5121,0.1507
831.84,0.282,0.0007,0.6641,0.0006,0.6965,0.0003,0.4768,0.0006,0.4842,0.0007,0.4769,0.0022,0.5134,0.1505
833.4,0.2831,0.0006,0.666,0.0005,0.6984,0.0003,0.4792,0.0007,0.4864,0.0007,0.4791,0.0023,0.5154,0.1507
834.96,0.2846,0.0006,0.6676,0.0004,0.6999,0.0003,0.4812,0.0006,0.4884,0.0008,0.4806,0.0022,0.5171,0.1507
836.52,0.2854,0.0005,0.6688,0.0005,0.7014,0.0002,0.4828,0.0006,0.4904,0.0006,0.4821,0.0023,0.5185,0.1509
838.09,0.2865,0.0007,0.6707,0.0005,0.7035,0.0003,0.4848,0.0006,0.4924,0.0007,0.484,0.0019,0.5203,0.1511
839.65,0.2873,0.001,0.6718,0.0005,0.7053,0.0003,0.4866,0.0006,0.494,0.0005,0.4859,0.0023,0.5218,0.1513
841.21,0.2888,0.0008,0.6735,0.0004,0.7069,0.0003,0.4884,0.0005,0.496,0.0007,0.4875,0.0022,0.5235,0.1513
842.77,0.2901,0.0007,0.6754,0.0005,0.709,0.0003,0.4906,0.0006,0.4985,0.0007,0.4892,0.0023,0.5255,0.1515
844.33,0.2906,0.0007,0.6771,0.0004,0.7105,0.0004,0.4924,0.0007,0.5,0.0007,0.4904,0.0021,0.5268,0.1519
845.89,0.2918,0.0006,0.6787,0.0005,0.7116,0.0002,0.4939,0.0006,0.5016,0.0007,0.4921,0.0023,0.5283,0.1519
847.45,0.2926,0.0008,0.6805,0.0005,0.7128,0.0004,0.4955,0.0006,0.5029,0.0008,0.4941,0.0021,0.5297,0.1521
849.02,0.2939,0.0008,0.6822,0.0006,0.7143,0.0003,0.4974,0.0006,0.5054,0.0005,0.4964,0.0021,0.5316,0.1521
850.58,0.2948,0.0009,0.684,0.0004,0.7151,0.0003,0.4988,0.0006,0.5065,0.0007,0.4987,0.0021,0.533,0.1521
852.14,0.2959,0.0007,0.6839,0.0004,0.7167,0.0004,0.4999,0.0005,0.508,0.0006,0.5005,0.0021,0.5341,0.152
853.7,0.2975,0.0006,0.6854,0.0005,0.7188,0.0003,0.5023,0.0006,0.5102,0.0008,0.5023,0.002,0.5361,0.152
855.27,0.2987,0.001,0.6862,0.0006,0.7201,0.0003,0.5036,0.0006,0.5115,0.0008,0.5036,0.0024,0.5373,0.152
856.83,0.2997,0.0008,0.6881,0.0005,0.7215,0.0003,0.5054,0.0006,0.5135,0.0006,0.5053,0.0023,0.5389,0.1522
858.39,0.3004,0.0009,0.69,0.0006,0.7238,0.0003,0.5074,0.0006,0.5156,0.0009,0.5077,0.0022,0.5408,0.1526
859.96,0.3017,0.0006,0.6917,0.0004,0.7256,0.0002,0.5095,0.0006,0.5175,0.0008,0.5095,0.0024,0.5426,0.1527
861.52,0.3023,0.0009,0.6931,0.0006,0.7255,0.0003,0.5111,0.0005,0.5189,0.0005,0.5105,0.002,0.5435,0.1526
863.08,0.3034,0.0008,0.6946,0.0005,0.7266,0.0005,0.5118,0.0006,0.5196,0.0009,0.5124,0.0023,0.5448,0.1527
864.65,0.3045,0.001,0.6952,0.0005,0.7279,0.0003,0.5136,0.0008,0.5216,0.0008,0.5147,0.0023,0.5463,0.1525
866.21,0.3062,0.0007,0.6965,0.0005,0.7301,0.0005,0.5154,0.0006,0.5233,0.001,0.5164,0.0022,0.548,0.1525
867.77,0.3071,0.0008,0.6979,0.0005,0.731,0.0002,0.5171,0.0006,0.5248,0.0007,0.5183,0.0021,0.5494,0.1525
869.34,0.3083,0.0009,0.6991,0.0004,0.7325,0.0003,0.5189,0.0006,0.5265,0.0008,0.5199,0.0022,0.5509,0.1525
870.9,0.3093,0.0008,0.6994,0.0004,0.7334,0.0005,0.5201,0.0006,0.5278,0.0008,0.5214,0.0022,0.5519,0.1524
872.47,0.3102,0.0007,0.7003,0.0004,0.7336,0.0005,0.5213,0.0007,0.529,0.0009,0.5226,0.0024,0.5528,0.1522
874.03,0.3116,0.0008,0.7025,0.0004,0.7359,0.0005,0.5231,0.0007,0.5317,0.0009,0.5247,0.0021,0.5549,0.1524
875.59,0.3126,0.0007,0.7036,0.0006,0.7377,0.0003,0.5244,0.0006,0.5328,0.001,0.526,0.0023,0.5562,0.1526
877.16,0.3133,0.0008,0.7052,0.0005,0.7386,0.0003,0.5257,0.0005,0.5343,0.0006,0.5279,0.0021,0.5575,0.1527
878.72,0.3148,0.0009,0.7067,0.0006,0.7396,0.0004,0.5272,0.0007,0.535,0.0011,0.5297,0.0022,0.5588,0.1526
880.29,0.3159,0.0007,0.7074,0.0004,0.7409,0.0003,0.5289,0.0006,0.5371,0.0009,0.5312,0.0024,0.5602,0.1526
881.85,0.317,0.0011,0.7076,0.0005,0.7416,0.0003,0.5301,0.0007,0.538,0.0009,0.5323,0.0021,0.5611,0.1523
883.42,0.3178,0.0008,0.7085,0.0005,0.7422,0.0005,0.5317,0.0009,0.54,0.001,0.5342,0.0023,0.5624,0.1522
884.98,0.3191,0.0005,0.7095,0.0003,0.7432,0.0005,0.5328,0.0007,0.5413,0.0008,0.5356,0.0024,0.5636,0.152
886.55,0.3204,0.0005,0.7103,0.0006,0.7446,0.0006,0.5338,0.0008,0.5423,0.0008,0.5363,0.0024,0.5646,0.152
888.11,0.321,0.0008,0.7118,0.0005,0.746,0.0002,0.535,0.0007,0.5437,0.0008,0.5377,0.002,0.5659,0.1523
889.68,0.3214,0.0009,0.7126,0.0005,0.7466,0.0005,0.536,0.0008,0.5443,0.0008,0.5385,0.0022,0.5666,0.1524
891.25,0.3221,0.0008,0.7142,0.0004,0.7461,0.0005,0.5371,0.0008,0.5458,0.0011,0.5386,0.0017,0.5673,0.1522
892.81,0.3229,0.0008,0.7157,0.0004,0.7458,0.0006,0.5377,0.0008,0.5467,0.0006,0.5399,0.0021,0.5681,0.1521
894.38,0.324,0.0007,0.7175,0.001,0.7461,0.0006,0.5393,0.0007,0.5477,0.001,0.5419,0.0021,0.5694,0.152
895.94,0.3242,0.0011,0.7173,0.0009,0.7452,0.0007,0.5394,0.0008,0.5468,0.0007,0.5441,0.0021,0.5695,0.1516
897.51,0.3261,0.001,0.7156,0.0002,0.7453,0.0005,0.5399,0.0008,0.5478,0.0009,0.5465,0.0023,0.5702,0.1506
899.08,0.3274,0.0011,0.7151,0.0004,0.7468,0.0006,0.5406,0.0009,0.5494,0.0009,0.5488,0.0022,0.5714,0.1503
900.64,0.3285,0.0006,0.7142,0.0008,0.7484,0.0008,0.542,0.0007,0.5502,0.001,0.5492,0.0019,0.5721,0.15
902.21,0.3299,0.0011,0.7162,0.001,0.7479,0.0006,0.5432,0.0008,0.5514,0.0007,0.5502,0.0023,0.5731,0.1497
903.78,0.3307,0.0008,0.7174,0.001,0.7477,0.0007,0.5443,0.0007,0.5527,0.0006,0.5505,0.002,0.5739,0.1495
905.34,0.3313,0.0008,0.7182,0.0009,0.7472,0.0008,0.5442,0.0008,0.5522,0.0009,0.5525,0.0016,0.5743,0.1494
906.91,0.3321,0.0015,0.7166,0.0007,0.7471,0.0008,0.5453,0.0008,0.5535,0.0005,0.5539,0.0019,0.5747,0.1486
908.48,0.3326,0.0012,0.7164,0.0006,0.7464,0.0009,0.5464,0.0011,0.5554,0.0003,0.5555,0.0023,0.5755,0.1481
910.05,0.3339,0.0013,0.7158,0.0005,0.7457,0.0012,0.5468,0.001,0.5554,0.0007,0.5566,0.0023,0.5757,0.1474
911.61,0.3347,0.0008,0.7162,0.0005,0.7466,0.0012,0.5479,0.001,0.5563,0.0013,0.558,0.0017,0.5766,0.1473
913.18,0.3357,0.0013,0.7144,0.0003,0.7481,0.0007,0.5488,0.0009,0.5571,0.0011,0.5606,0.0025,0.5774,0.1469
914.75,0.3367,0.0011,0.7137,0.0008,0.7484,0.0007,0.549,0.0005,0.5578,0.0005,0.562,0.0018,0.5779,0.1464
916.32,0.3393,0.0011,0.7159,0.0007,0.7492,0.0016,0.5512,0.0006,0.5595,0.0011,0.5639,0.0022,0.5798,0.146
917.89,0.3401,0.0012,0.7164,0.0011,0.749,0.0024,0.5518,0.0009,0.5601,0.0011,0.5645,0.0023,0.5803,0.1457
919.45,0.3397,0.0009,0.7174,0.0012,0.7459,0.0023,0.5521,0.0011,0.5615,0.0007,0.5636,0.002,0.58,0.1453
921.02,0.3414,0.0015,0.7188,0.0012,0.7462,0.0022,0.5534,0.0008,0.5621,0.0009,0.5654,0.0025,0.5812,0.1449
922.59,0.3417,0.0014,0.7194,0.0018,0.7478,0.0019,0.5544,0.0008,0.5625,0.0015,0.5653,0.0021,0.5819,0.1453
924.16,0.3429,0.0009,0.7217,0.0018,0.7476,0.0026,0.5545,0.0009,0.5638,0.0015,0.5649,0.0019,0.5826,0.1452
925.73,0.3439,0.0021,0.721,0.0018,0.7461,0.0033,0.5532,0.001,0.5618,0.0009,0.5624,0.0022,0.5814,0.1446
927.3,0.3403,0.0011,0.7219,0.0015,0.744,0.0043,0.5512,0.001,0.5595,0.0008,0.5601,0.0019,0.5795,0.1457
928.86,0.338,0.0029,0.7189,0.0013,0.735,0.0046,0.5476,0.0018,0.556,0.0012,0.5553,0.0025,0.5751,0.1442
930.43,0.3365,0.0014,0.7162,0.0006,0.7315,0.0051,0.5438,0.0008,0.5517,0.0016,0.5556,0.0015,0.5726,0.1437
932,0.3355,0.002,0.7064,0.0022,0.7262,0.0032,0.5407,0.0008,0.5514,0.0025,0.5572,0.0022,0.5696,0.141
933.57,0.3405,0.0013,0.7028,0.0014,0.7218,0.0036,0.5397,0.0009,0.5484,0.001,0.5576,0.0027,0.5685,0.1377
935.14,0.3417,0.0017,0.6979,0.0006,0.7273,0.003,0.5424,0.0013,0.5473,0.0024,0.5637,0.0017,0.57,0.1375
936.71,0.3445,0.0014,0.6965,0.0011,0.7255,0.0036,0.5439,0.0015,0.5564,0.0012,0.5664,0.0018,0.5722,0.1356
938.28,0.3438,0.0023,0.689,0.0022,0.7241,0.0037,0.5436,0.0013,0.553,0.0019,0.5632,0.0015,0.5694,0.1342
939.85,0.3441,0.002,0.6863,0.002,0.7195,0.0027,0.5415,0.0017,0.5497,0.0018,0.5633,0.0014,0.5674,0.1328
941.42,0.3444,0.0018,0.6814,0.0014,0.7143,0.0016,0.5399,0.0017,0.5465,0.0026,0.5608,0.002,0.5645,0.1308
942.99,0.3473,0.0026,0.6777,0.0009,0.7119,0.0017,0.541,0.0012,0.5518,0.0025,0.5647,0.0026,0.5657,0.1284
944.56,0.3472,0.0021,0.6748,0.0017,0.7125,0.0024,0.5413,0.0011,0.5516,0.0016,0.5681,0.0026,0.5659,0.1281
946.13,0.3464,0.0012,0.6717,0.0021,0.7095,0.0016,0.5417,0.0009,0.5516,0.0006,0.5669,0.002,0.5646,0.1271
947.7,0.3475,0.0026,0.6675,0.002,0.7074,0.002,0.5409,0.0009,0.5485,0.0021,0.5665,0.0017,0.563,0.1256
949.27,0.347,0.0019,0.6633,0.0012,0.7057,0.002,0.5423,0.0016,0.5513,0.0016,0.5677,2.79E-09,0.5629,0.1246
950.84,0.3491,0.0026,0.6604,0.0015,0.7036,0.0012,0.5425,0.0008,0.5515,0.0015,0.5687,0.0022,0.5626,0.123
952.41,0.3503,0.0022,0.6588,0.0021,0.7022,0.0017,0.5421,0.0017,0.5519,0.0016,0.5716,0.0017,0.5628,0.122
953.98,0.3541,0.0036,0.6517,0.0014,0.7031,0.0012,0.5441,0.0013,0.5528,0.0009,0.5753,0.0031,0.5635,0.1198
955.55,0.352,0.0032,0.6484,0.0024,0.6955,0.0021,0.5434,0.0018,0.5531,0.0007,0.574,0.0019,0.5611,0.1183
957.12,0.3552,0.0038,0.6491,0.0011,0.6963,0.0017,0.5473,0.0012,0.556,0.001,0.577,0.0032,0.5635,0.1173
958.69,0.3528,0.0015,0.6471,0.0015,0.6952,0.0018,0.549,0.0017,0.5548,0.0012,0.576,0.0017,0.5625,0.1176
960.26,0.3572,0.0027,0.6455,0.0013,0.6986,0.0017,0.5493,0.0009,0.555,0.003,0.5781,0.0011,0.564,0.1166
961.83,0.357,0.0019,0.6434,0.0013,0.6959,0.0022,0.5502,0.0021,0.5561,0.001,0.5804,0.0027,0.5638,0.1158
963.41,0.3565,0.0018,0.6439,0.0013,0.697,0.0016,0.5517,0.0007,0.5613,0.0019,0.586,0.0023,0.5661,0.1164
964.98,0.3636,0.0023,0.6405,0.0011,0.7011,0.002,0.5556,0.0005,0.5635,0.0014,0.5866,0.0024,0.5685,0.1143
966.55,0.3604,0.0007,0.6424,0.002,0.7032,0.0017,0.5569,0.001,0.5655,0.0009,0.5868,0.0027,0.5692,0.1161
968.12,0.3593,0.0028,0.6429,0.0015,0.7021,0.0013,0.5579,0.0011,0.5655,0.002,0.5866,0.0018,0.569,0.1163
969.69,0.3637,0.0023,0.6436,0.0008,0.7017,0.0015,0.5576,0.0017,0.5661,0.0018,0.5887,0.0019,0.5702,0.1147
971.26,0.366,0.0038,0.6412,0.0014,0.6997,0.0007,0.5561,0.001,0.5647,0.0015,0.5877,0.0013,0.5692,0.1132
972.84,0.3648,0.0033,0.6392,0.0009,0.6978,0.0012,0.5552,0.0014,0.5658,0.0019,0.5885,0.0016,0.5685,0.113
974.41,0.3629,0.0033,0.6374,0.001,0.6978,0.0026,0.5541,0.0002,0.5636,0.0023,0.5893,0.0018,0.5675,0.1135
975.98,0.3652,0.0022,0.6422,0.0012,0.7011,0.0016,0.558,0.0015,0.5644,0.0015,0.5916,0.0013,0.5704,0.114
977.55,0.3688,0.0021,0.6421,0.0009,0.7009,0.0016,0.5589,0.0009,0.5657,0.0016,0.5939,0.0005,0.5717,0.1127
979.12,0.3643,0.0028,0.6425,0.0005,0.6977,0.0007,0.5569,0.0009,0.5647,0.0015,0.5917,0.0019,0.5696,0.1136
980.7,0.3685,0.0013,0.6403,0.0007,0.6968,0.001,0.5576,0.0013,0.567,0.0019,0.5921,0.0021,0.5704,0.1116
982.27,0.3685,0.0023,0.637,0.0015,0.6989,0.0015,0.558,0.0011,0.5652,0.002,0.5938,0.0024,0.5702,0.1118
983.84,0.3723,0.0014,0.6443,0.0017,0.7018,0.0012,0.5612,0.0012,0.5679,0.0011,0.5963,0.0029,0.574,0.112
985.41,0.3768,0.0038,0.6439,0.0019,0.7021,0.0009,0.5625,0.0013,0.5678,0.0011,0.5966,0.002,0.575,0.1103
986.99,0.3748,0.0018,0.6465,0.0013,0.7052,0.001,0.5632,0.001,0.5667,0.0026,0.5995,0.0024,0.576,0.1122
988.56,0.3767,0.0018,0.6449,0.0012,0.7048,0.0012,0.5607,0.0008,0.5698,0.0035,0.5988,0.0027,0.576,0.1112
990.13,0.3741,0.0043,0.6449,0.0011,0.7024,0.0024,0.558,0.0002,0.5684,0.0017,0.5972,0.0026,0.5742,0.1116
991.7,0.3742,0.002,0.6452,0.0013,0.701,0.0008,0.561,0.0008,0.5686,0.0019,0.5985,0.0029,0.5748,0.1113
993.28,0.3748,0.0027,0.6468,0.0007,0.7047,0.0004,0.5624,0.001,0.5656,0.0025,0.5973,0.0029,0.5753,0.1121
994.85,0.3781,0.0054,0.6467,0.0011,0.7049,0.0013,0.5605,0.0008,0.5661,0.0009,0.5994,0.0029,0.5759,0.111
996.42,0.3713,0.0019,0.6452,0.0012,0.7036,0.0015,0.5579,0.0014,0.5643,0.0022,0.5957,0.0018,0.573,0.1129
998,0.3739,0.0029,0.6476,0.0009,0.7036,0.0013,0.5571,0.0004,0.5683,0.0007,0.6012,0.0031,0.5753,0.1125
999.57,0.3755,0.0029,0.6486,0.0007,0.71,0.0015,0.5608,0.0013,0.5714,0.0024,0.603,0.0029,0.5782,0.1135
1001.14,0.375,0.0026,0.6466,0.0015,0.7011,0.001,0.5566,0.0014,0.5617,0.0021,0.5975,0.0025,0.5731,0.1114
1002.72,0.3761,0.0035,0.6468,0.0017,0.7003,0.0025,0.5578,0.0013,0.5606,0.0027,0.5974,0.003,0.5732,0.1108
1004.29,0.3757,0.0027,0.6456,0.0008,0.7004,0.0015,0.5575,0.0011,0.5625,0.002,0.6004,0.0037,0.5737,0.1109
1005.86,0.378,0.0025,0.6501,0.002,0.7026,0.0016,0.5579,0.0006,0.5677,0.0018,0.5982,0.0024,0.5757,0.111
1007.44,0.378,0.0032,0.6538,0.0013,0.703,0.0014,0.5581,0.0011,0.5703,0.0027,0.6006,0.0028,0.5773,0.1117
1009.01,0.3791,0.0021,0.6461,0.001,0.6988,0.0015,0.5557,0.0022,0.5656,0.0012,0.5954,0.0018,0.5734,0.1092
1010.58,0.3772,0.0065,0.6501,0.0025,0.7009,0.0014,0.557,0.0022,0.5646,0.0032,0.5999,0.0004,0.5749,0.111
1012.16,0.3841,0.0039,0.6538,0.0015,0.7096,0.0013,0.5585,0.0008,0.5668,0.002,0.6028,0.004,0.5793,0.1112
1013.73,0.3819,0.0057,0.6512,0.0024,0.7052,0.0016,0.5552,0.0013,0.5623,0.0028,0.5979,0.0037,0.5756,0.1105
1015.31,0.3875,0.0021,0.6554,0.0018,0.7072,0.0022,0.5574,0.0015,0.5681,0.0022,0.6012,0.0008,0.5795,0.1096
1016.88,0.3787,0.0022,0.6508,0.0013,0.7007,0.0025,0.5526,0.0011,0.561,0.0032,0.5938,0.0026,0.5729,0.1106
1018.45,0.3842,0.0036,0.657,0.0009,0.7067,0.0012,0.5558,0.0017,0.5686,0.0022,0.6059,0.0025,0.5797,0.1111
1020.03,0.3816,0.005,0.6608,0.0015,0.7116,0.0016,0.5618,0.002,0.5668,0.0037,0.6038,0.0022,0.5811,0.1134
1021.6,0.3845,0.004,0.6581,0.0016,0.7044,0.0021,0.5594,0.0016,0.5677,0.0017,0.6045,0.0022,0.5798,0.1104
1023.18,0.3848,0.0029,0.6647,0.0021,0.7124,0.0026,0.5595,0.0016,0.5711,0.0039,0.6078,0.0023,0.5834,0.1131
1024.75,0.3898,0.0037,0.659,0.0024,0.7077,0.0028,0.5582,0.0023,0.5704,0.0048,0.6076,0.0024,0.5821,0.1096
1026.33,0.3783,0.0033,0.6565,0.0008,0.7059,0.0007,0.5539,0.0018,0.5638,0.001,0.6036,0.0036,0.577,0.113
1027.9,0.379,0.0041,0.6604,0.0019,0.7106,0.0026,0.5575,0.0016,0.5706,0.0025,0.6047,0.0029,0.5805,0.1141
1029.48,0.3874,0.0046,0.659,0.0015,0.7072,0.0033,0.5588,0.002,0.5703,0.0044,0.6078,0.0017,0.5817,0.1103
1031.05,0.3824,0.0041,0.6613,0.0025,0.7153,0.0021,0.5581,0.0018,0.5688,0.0038,0.605,0.0031,0.5818,0.1142
1032.63,0.3898,0.0055,0.6567,0.0015,0.7028,0.0031,0.5522,0.0012,0.5627,0.0019,0.6048,0.001,0.5782,0.1084
1034.1,0.4195,0.0042,0.7167,0.0032,0.8022,0.0042,0.5905,0.0011,0.5792,0.001,0.6664,0.0106,0.6291,0.1319
1049.8,0.4359,0.0024,0.7368,0.0022,0.8246,0.003,0.6046,0.0013,0.596,0.0012,0.6969,0.0128,0.6491,0.1349
1065.5,0.4382,0.0004,0.7346,0.0027,0.8209,0.0039,0.606,0.0018,0.5955,0.0012,0.6928,0.0102,0.648,0.1326
1081,0.4557,0.0016,0.7406,0.0032,0.833,0.0036,0.6153,0.002,0.6052,0.0013,0.7127,0.0097,0.6604,0.1311
1096.3,0.4618,0.0012,0.7209,0.0032,0.8093,0.0038,0.6065,0.0016,0.5959,0.0006,0.7061,0.0071,0.6501,0.1215
1111.6,0.473,0.0021,0.7043,0.0038,0.7989,0.0044,0.6103,0.0018,0.6012,0.0011,0.7262,0.0101,0.6523,0.115
1126.7,0.4736,0.0015,0.656,0.0036,0.7583,0.0031,0.5997,0.0022,0.5905,0.0015,0.7183,0.0099,0.6327,0.1018
1141.6,0.4802,0.0018,0.6197,0.0031,0.7327,0.0035,0.6005,0.0012,0.5885,0.0007,0.7301,0.0076,0.6253,0.0955
1156.5,0.4876,0.0018,0.5921,0.0021,0.7172,0.0033,0.6036,0.0015,0.5913,0.0002,0.747,0.0067,0.6231,0.0948
1171.2,0.494,0.0013,0.5796,0.0026,0.7032,0.0027,0.5998,0.0017,0.5872,0.0008,0.7426,0.0075,0.6177,0.0905
1185.8,0.5017,0.002,0.574,0.0022,0.6984,0.0036,0.6002,0.0014,0.586,0.0007,0.7548,0.0068,0.6192,0.0916
1200.3,0.5047,0.0017,0.5692,0.002,0.6903,0.0035,0.5953,0.0012,0.5831,0.0004,0.7503,0.0063,0.6155,0.089
1214.7,0.5087,0.0018,0.569,0.0024,0.6903,0.0032,0.5961,0.0013,0.5827,0.0007,0.7537,0.0055,0.6167,0.0891
1229,0.5102,0.0019,0.5687,0.0023,0.6895,0.0029,0.5928,0.0012,0.5805,0.0003,0.7536,0.0054,0.6159,0.089
1243.1,0.5179,0.0015,0.5711,0.0023,0.6929,0.003,0.596,0.001,0.5833,0.0004,0.7591,0.0044,0.6201,0.0888
1257.1,0.5238,0.0012,0.5738,0.0022,0.6945,0.0035,0.5981,0.0013,0.5861,0.0004,0.7648,0.0037,0.6235,0.0888
1271,0.5328,0.0018,0.5773,0.0019,0.6994,0.0028,0.6051,0.0012,0.5924,0.0003,0.7717,0.0141,0.6298,0.0885
1284.8,0.5434,0.0014,0.5776,0.002,0.7021,0.0031,0.6136,0.0012,0.5993,0.0004,0.7856,0.0132,0.6369,0.0901
1298.5,0.55,0.0014,0.5664,0.0021,0.6947,0.0028,0.6155,0.0015,0.6013,0.0006,0.79,0.0128,0.6363,0.0906
1312.1,0.5512,0.0018,0.546,0.0022,0.6764,0.0032,0.611,0.0017,0.5976,0.0005,0.7862,0.0122,0.6281,0.0908
1325.5,0.5505,0.0023,0.5199,0.0021,0.6508,0.0027,0.6027,0.0015,0.589,0.0003,0.7821,0.0116,0.6158,0.093
1338.9,0.5398,0.0022,0.4875,0.0021,0.6144,0.0026,0.5798,0.0009,0.5683,0.0004,0.7553,0.0091,0.5909,0.0911
1352.1,0.5046,0.0021,0.4512,0.0022,0.5646,0.0032,0.5373,0.0011,0.5273,0.0008,0.6912,0.0087,0.5461,0.0807
1365.3,0.4466,0.0044,0.4129,0.0027,0.5044,0.0014,0.4655,0.0024,0.4602,0.0007,0.5864,0.0081,0.4793,0.0602
1378.4,0.4377,0.0049,0.3988,0.0061,0.4846,0.0038,0.4559,0.0042,0.4499,0.0026,0.5863,0.0046,0.4689,0.0639
1391.3,0.4156,0.0041,0.3783,0.0045,0.4615,0.0026,0.4341,0.005,0.4312,0.0032,0.5521,0.0082,0.4454,0.0589
1404.2,0.4164,0.0052,0.3574,0.0029,0.444,0.0037,0.4278,0.0026,0.4116,0.0038,0.5567,0.0053,0.4356,0.0661
1416.9,0.4165,0.0029,0.3261,0.0032,0.4021,0.0041,0.4134,0.0032,0.4097,0.0033,0.5525,0.0042,0.4201,0.0733
1429.6,0.4164,0.0033,0.2893,0.0022,0.3723,0.0025,0.4037,0.0022,0.3962,0.0011,0.5441,0.0044,0.4037,0.0825
1442.1,0.4176,0.002,0.262,0.0019,0.3444,0.0024,0.4003,0.0013,0.3894,0.0012,0.5633,0.0031,0.3962,0.0991
1454.6,0.4249,0.002,0.2532,0.0018,0.3393,0.0024,0.4032,0.0007,0.3963,0.0008,0.5766,0.0029,0.3989,0.1068
1467,0.4276,0.0012,0.2558,0.0017,0.3458,0.0019,0.4111,0.0012,0.4012,0.0009,0.5839,0.0021,0.4042,0.108
1479.3,0.4371,0.0008,0.2631,0.0015,0.359,0.0017,0.4224,0.0011,0.4105,0.0006,0.5986,0.0102,0.4151,0.11
1491.5,0.4545,0.0012,0.2649,0.0008,0.3684,0.0019,0.4408,0.0008,0.4283,0.0007,0.631,0.0105,0.4313,0.1201
1503.6,0.466,0.0011,0.266,0.0013,0.3752,0.0017,0.4519,0.0008,0.4382,0.0003,0.6477,0.0109,0.4408,0.1253
1515.7,0.4756,0.0008,0.2698,0.0009,0.3815,0.0016,0.4599,0.0008,0.4458,0.0003,0.6565,0.0099,0.4482,0.1269
1527.6,0.4815,0.0008,0.2757,0.0009,0.3912,0.0018,0.4664,0.0008,0.4516,0.0002,0.6665,0.008,0.4555,0.1279
1539.5,0.4844,0.0006,0.2847,0.0009,0.4032,0.0018,0.4702,0.0008,0.4552,0.0002,0.6718,0.0079,0.4616,0.1261
1551.3,0.4863,0.0007,0.2943,0.0008,0.4144,0.0017,0.4738,0.0006,0.4596,0.0003,0.6739,0.0076,0.467,0.1232
1563,0.4921,0.0007,0.3017,0.0009,0.4223,0.0019,0.4784,0.0007,0.464,0.0004,0.6812,0.0072,0.4733,0.1231
1574.6,0.5016,0.001,0.3068,0.0007,0.4283,0.0019,0.4846,0.0004,0.4701,0.0003,0.6927,0.0076,0.4807,0.1253
1586.2,0.5127,0.0008,0.3114,0.0009,0.4347,0.002,0.4929,0.0009,0.4781,0.0003,0.7059,0.0075,0.4893,0.1283
1597.6,0.5223,0.0011,0.3156,0.0004,0.441,0.002,0.4998,0.0007,0.4836,0.0004,0.7152,0.0062,0.4962,0.13
1609,0.5323,0.0006,0.3201,0.0006,0.4475,0.0017,0.5051,0.0006,0.4903,0.0003,0.7241,0.0065,0.5033,0.1315
1620.4,0.5343,0.0011,0.3217,0.0009,0.4544,0.0021,0.5085,0.0008,0.4928,7.78E-05,0.7265,0.0057,0.5063,0.1313
1631.7,0.5364,0.0013,0.3217,0.0009,0.4546,0.0022,0.5083,0.0004,0.4931,0.0004,0.7286,0.0051,0.5071,0.1321
1642.9,0.5393,0.0019,0.3241,0.0005,0.4496,0.002,0.5039,0.0006,0.4888,0.0006,0.7194,0.0046,0.5042,0.129
1654,0.5418,0.0017,0.3244,0.001,0.4487,0.002,0.4977,0.0006,0.4842,0.0005,0.7152,0.0039,0.502,0.1279
1665,0.5396,0.0017,0.3238,0.0011,0.4473,0.0016,0.4955,0.0007,0.4791,0.0004,0.7036,0.0128,0.4982,0.1243
1676,0.5396,0.001,0.3221,0.0008,0.4471,0.0019,0.4907,0.0003,0.4765,0.0004,0.7047,0.0118,0.4968,0.1253
1687,0.5342,0.0012,0.3183,0.0008,0.4427,0.002,0.4876,0.0007,0.4728,0.0003,0.7014,0.0111,0.4928,0.1254
1697.9,0.5342,0.0016,0.3132,0.0009,0.4377,0.0018,0.4862,0.0007,0.4694,0.0007,0.698,0.0118,0.4898,0.1262
1708.7,0.5261,0.0008,0.3068,0.0008,0.4309,0.0017,0.4823,0.0008,0.4662,0.0003,0.6948,0.0107,0.4845,0.1271
1719.4,0.5264,0.0012,0.3009,0.0011,0.4272,0.0019,0.4799,0.001,0.4647,0.0007,0.6954,0.0094,0.4824,0.1293
1730.1,0.5184,0.002,0.2966,0.0011,0.4256,0.0013,0.4751,0.0007,0.4605,0.0007,0.6903,0.0092,0.4777,0.1286
1740.8,0.526,0.0018,0.2962,0.001,0.4246,0.0022,0.4751,0.0006,0.46,0.0005,0.6993,0.0084,0.4802,0.1323
1751.4,0.5235,0.0021,0.2962,0.001,0.4203,0.0025,0.4705,0.0007,0.4552,0.0009,0.6923,0.0078,0.4763,0.1303
1761.9,0.5348,0.0014,0.2937,0.001,0.4189,0.0015,0.4706,0.001,0.4543,0.0004,0.7029,0.0078,0.4792,0.1356
1772.4,0.5249,0.0012,0.2911,0.001,0.4113,0.0021,0.463,0.0004,0.4456,0.0008,0.6791,0.0042,0.4692,0.1287
1782.9,0.5437,0.002,0.2917,0.002,0.4111,0.0026,0.4682,0.0015,0.4516,0.0016,0.7003,0.0064,0.4778,0.1369
1793.3,0.5046,0.0035,0.2867,0.0024,0.4018,0.0035,0.4531,0.0014,0.4416,0.0044,0.6377,0.0089,0.4543,0.1159
1803.6,0.5478,0.0072,0.2946,0.0042,0.4069,0.0044,0.4651,0.0037,0.4422,0.0035,0.6968,0.0095,0.4756,0.1363
1813.9,0.4774,0.0115,0.2912,0.0088,0.3865,0.0045,0.4399,0.0044,0.4334,0.0048,0.6161,0.0076,0.4407,0.1072
1824.2,0.5037,0.0172,0.2954,0.0112,0.3981,0.0153,0.4385,0.0087,0.4261,0.0059,0.6461,0.0115,0.4513,0.1172
1834.4,0.3933,0.0077,0.281,0.0092,0.3678,0.0123,0.4159,0.0073,0.3938,0.0089,0.519,0.0154,0.3951,0.0769
1844.6,0.6393,0.0309,0.3157,0.013,0.4451,0.0177,0.4512,0.0135,0.4396,0.0061,0.6703,0.0209,0.4935,0.135
1854.7,0.4037,0.0149,0.2876,0.0135,0.3791,0.0128,0.4007,0.0097,0.385,0.0127,0.487,0.0067,0.3905,0.0638
1864.8,0.493,0.0176,0.2877,0.011,0.3844,0.0282,0.4323,0.0072,0.4368,0.015,0.5396,0.0168,0.429,0.0876
1874.9,0.4099,0.018,0.268,0.0209,0.3728,0.0177,0.3958,0.0088,0.3735,0.0104,0.5031,0.0119,0.3872,0.0757
1884.9,0.5031,0.0247,0.2748,0.0115,0.401,0.0201,0.439,0.0298,0.3901,0.0131,0.5999,0.0115,0.4346,0.1102
1894.9,0.4254,0.0246,0.2499,0.0127,0.3607,0.0176,0.4117,0.0157,0.3888,0.0157,0.5277,0.0184,0.394,0.0906
1904.9,0.4504,0.0293,0.2386,0.0155,0.2952,0.0149,0.4126,0.0209,0.4216,0.011,0.5873,0.0245,0.4009,0.1227
1914.8,0.4001,0.0173,0.1994,0.0174,0.2929,0.0087,0.3802,0.013,0.3585,0.008,0.5382,0.0123,0.3616,0.1132
1924.7,0.4499,0.0079,0.1869,0.0075,0.2829,0.0142,0.3598,0.0077,0.3462,0.002,0.5804,0.012,0.3677,0.1359
1934.6,0.4365,0.0091,0.1768,0.005,0.2449,0.0065,0.3551,0.0052,0.3246,0.0032,0.5895,0.0062,0.3546,0.1459
1944.5,0.4575,0.0033,0.1664,0.0013,0.2473,0.0029,0.3507,0.0017,0.3388,0.0013,0.5818,0.008,0.3571,0.1479
1954.3,0.4538,0.0017,0.1656,0.0018,0.246,0.0023,0.3542,0.0013,0.3405,0.0018,0.5801,0.0054,0.3567,0.1472
1964.2,0.4645,0.004,0.166,0.0014,0.2457,0.0029,0.359,0.0016,0.3454,0.0009,0.6009,0.0039,0.3636,0.1548
1973.9,0.4558,0.0026,0.1685,0.0018,0.2522,0.0026,0.3595,0.0019,0.3461,0.0018,0.5933,0.0064,0.3626,0.1497
1983.7,0.4682,0.0036,0.1749,0.0033,0.2624,0.0015,0.3622,0.0017,0.3454,0.0029,0.5875,0.0046,0.3668,0.1464
1993.5,0.4464,0.0035,0.1798,0.0021,0.2676,0.0026,0.3623,0.0016,0.3458,0.0017,0.5885,0.0115,0.3651,0.142
2003.2,0.46,0.0008,0.1785,0.0019,0.2691,0.0024,0.3566,0.001,0.3436,0.0014,0.6018,0.0147,0.3683,0.148
2012.9,0.4491,0.0024,0.1761,0.0015,0.2682,0.0015,0.3513,0.0006,0.3355,0.001,0.5847,0.0123,0.3608,0.1424
2022.7,0.4406,0.0008,0.1739,0.0017,0.2637,0.0018,0.3446,0.0012,0.3305,0.001,0.5617,0.0113,0.3525,0.1356
2032.4,0.4258,0.0024,0.175,0.0025,0.2585,0.0013,0.3344,0.0006,0.3203,0.0012,0.5697,0.0051,0.3473,0.1372
2042.1,0.426,0.0037,0.1742,0.002,0.2586,0.002,0.3281,0.0008,0.314,0.0005,0.5611,0.0098,0.3437,0.135
2051.7,0.4117,0.0025,0.1715,0.0012,0.2535,0.002,0.3182,0.0013,0.3049,0.0012,0.5484,0.0064,0.3347,0.1311
2061.4,0.4125,0.0015,0.1683,0.0014,0.2493,0.0017,0.3129,0.0007,0.3007,0.0012,0.5512,0.0057,0.3325,0.1338
2071.1,0.3962,0.0035,0.1684,0.0017,0.2471,0.0014,0.3051,0.0012,0.294,0.0011,0.5399,0.0069,0.3251,0.129
2080.7,0.3913,0.0019,0.1659,0.0013,0.2447,0.0022,0.3014,0.0008,0.2912,0.0006,0.5331,0.0076,0.3213,0.1273
2090.4,0.3919,0.0029,0.1686,0.001,0.2469,0.0023,0.2974,0.0006,0.2832,0.0012,0.518,0.0046,0.3177,0.122
2100.1,0.4001,0.0035,0.168,0.0016,0.2485,0.0017,0.297,0.0013,0.2867,0.001,0.5198,0.0065,0.32,0.1234
2109.7,0.3861,0.0025,0.1698,0.003,0.251,0.0022,0.295,0.0014,0.2877,0.0015,0.5047,0.0039,0.3157,0.1161
2119.4,0.3933,0.0028,0.1733,0.0011,0.2493,0.0028,0.2974,0.0023,0.2876,0.0015,0.5252,0.004,0.321,0.1229
2129.1,0.3984,0.0018,0.1743,0.0016,0.2575,0.0015,0.3002,0.0012,0.2908,0.001,0.523,0.0026,0.324,0.1214
2138.7,0.4048,0.0041,0.1793,0.0018,0.2624,0.0024,0.3024,0.0011,0.293,0.0011,0.5354,0.0015,0.3295,0.1243
2148.4,0.3998,0.0024,0.1832,0.0009,0.2656,0.001,0.3071,0.0017,0.2956,0.0012,0.5217,0.0095,0.3288,0.1175
2158.1,0.4087,0.0034,0.1849,0.0012,0.2707,0.0017,0.3101,0.0008,0.2981,0.0016,0.5496,0.0101,0.337,0.1266
2167.8,0.4087,0.003,0.1873,0.0022,0.2742,0.0028,0.3171,0.0018,0.3052,0.0017,0.5388,0.0088,0.3386,0.1213
2177.5,0.4231,0.0029,0.1879,0.0012,0.2783,0.0025,0.3219,0.0015,0.3067,0.0018,0.5292,0.0086,0.3412,0.1192
2187.2,0.4149,0.0031,0.1906,0.0016,0.2759,0.0026,0.3219,0.0018,0.3044,0.0016,0.5552,0.0071,0.3438,0.1264
2196.9,0.4255,0.0041,0.1908,0.0021,0.2788,0.0019,0.3221,0.0024,0.3086,0.0019,0.5559,0.0055,0.347,0.1272
2206.7,0.4211,0.0043,0.1897,0.0023,0.2735,0.0014,0.3166,0.0023,0.3025,0.001,0.5426,0.0066,0.341,0.1238
2216.5,0.4115,0.0021,0.1851,0.0028,0.2668,0.003,0.3117,0.0012,0.2934,0.0018,0.555,0.0073,0.3373,0.1293
2226.2,0.4023,0.0029,0.1835,0.0025,0.265,0.0029,0.2999,0.0016,0.2871,0.0027,0.5252,0.01,0.3272,0.1198
2236,0.4097,0.0042,0.178,0.0023,0.2538,0.003,0.2959,0.0017,0.283,0.0017,0.5236,0.0037,0.324,0.1232
2245.9,0.3957,0.004,0.172,0.0014,0.2497,0.0038,0.2826,0.0022,0.2638,0.0019,0.512,0.0047,0.3126,0.1214
2255.7,0.3876,0.0051,0.1704,0.0036,0.2482,0.0052,0.2767,0.0022,0.2648,0.0013,0.4994,0.0078,0.3079,0.1169
2265.6,0.3903,0.0049,0.1723,0.0023,0.2403,0.0021,0.2715,0.0025,0.257,0.0015,0.485,0.0042,0.3027,0.1139
2275.5,0.3816,0.0032,0.1646,0.0025,0.2424,0.003,0.2704,0.0042,0.2549,0.002,0.5191,0.0067,0.3055,0.1257
2285.4,0.3822,0.0088,0.1695,0.0057,0.2326,0.0028,0.2605,0.0012,0.2506,0.002,0.4837,0.0056,0.2965,0.1149
2295.3,0.3881,0.0062,0.1588,0.0051,0.2312,0.0026,0.2581,0.0027,0.2484,0.0022,0.4871,0.0065,0.2953,0.1198
2305.3,0.3596,0.0051,0.16,0.0049,0.2274,0.0026,0.2527,0.004,0.2436,0.0046,0.4857,0.0131,0.2882,0.1162
2315.3,0.3775,0.0058,0.162,0.0024,0.2269,0.0049,0.255,0.0028,0.2422,0.0011,0.5089,0.0113,0.2954,0.1259
2325.4,0.3589,0.0096,0.154,0.0067,0.2219,0.0075,0.2434,0.0038,0.2362,0.0023,0.4562,0.0117,0.2784,0.1093
2335.5,0.3963,0.0105,0.1543,0.0032,0.219,0.0026,0.2452,0.0023,0.2361,0.0013,0.4495,0.0091,0.2834,0.1139
2345.6,0.3491,0.0063,0.1472,0.0079,0.2181,0.0061,0.2392,0.0025,0.2316,0.0036,0.4714,0.0088,0.2761,0.1156
2355.7,0.3678,0.0059,0.1384,0.0044,0.2186,0.0045,0.2455,0.0045,0.2334,0.0029,0.4993,0.0156,0.2838,0.1288
2365.9,0.3811,0.0089,0.1454,0.0067,0.2174,0.004,0.2482,0.004,0.2313,0.0041,0.4949,0.0071,0.2864,0.1277
2376.2,0.364,0.0099,0.1477,0.0039,0.21,0.0052,0.2477,0.0029,0.2369,0.0038,0.4567,0.0071,0.2772,0.1127
2386.4,0.3557,0.0049,0.1426,0.006,0.2106,0.007,0.2356,0.0044,0.2257,0.0039,0.4966,0.0145,0.2778,0.1275
2396.8,0.3653,0.0088,0.1459,0.0056,0.2068,0.0038,0.2517,0.0049,0.2254,0.0037,0.5051,0.0025,0.2834,0.1304
2407.1,0.3711,0.0042,0.1384,0.0035,0.1978,0.0148,0.2374,0.0043,0.2081,0.0031,0.4564,0.0049,0.2682,0.1203
2417.5,0.3513,0.0126,0.1393,0.0053,0.198,0.0094,0.2391,0.0039,0.241,0.0039,0.465,0.0036,0.2723,0.1172
2428,0.361,0.0102,0.1421,0.0098,0.2037,0.0068,0.2193,0.0034,0.2274,0.0071,0.3933,0.0091,0.2578,0.0977
2438.5,0.3416,0.0117,0.1376,0.01,0.2014,0.0132,0.2289,0.0054,0.2189,0.006,0.4496,0.0132,0.263,0.1128
2449.1,0.3296,0.0114,0.14,0.0047,0.1819,0.0105,0.2147,0.007,0.2126,0.0031,0.4174,0.0104,0.2494,0.1037
2459.7,0.3414,0.0202,0.1341,0.0062,0.2056,0.0086,0.2326,0.0115,0.2385,0.0087,0.4276,0.0152,0.2633,0.1046
